ID,Pred
2019_1101_1113,0.2788174636412753
2019_1101_1120,0.07099482572163923
2019_1101_1124,0.2037267578308957
2019_1101_1125,0.22413384447488408
2019_1101_1133,0.5573912156657108
2019_1101_1138,0.09888927596958265
2019_1101_1153,0.17411621773024208
2019_1101_1159,0.4465017767080113
2019_1101_1181,0.027347817314205436
2019_1101_1192,0.6407304634296728
2019_1101_1196,0.1520014932889823
2019_1101_1199,0.08059148436064187
2019_1101_1205,0.5691563866332736
2019_1101_1209,0.41252136863879785
2019_1101_1211,0.028103798174428058
2019_1101_1222,0.0851303059893429
2019_1101_1233,0.6290012530514602
2019_1101_1234,0.18285444899696154
2019_1101_1235,0.09042783360784191
2019_1101_1242,0.10162477712666931
2019_1101_1243,0.12275752166274505
2019_1101_1246,0.03739004625758656
2019_1101_1251,0.2967356523625968
2019_1101_1257,0.10383341423267763
2019_1101_1261,0.09599825287916261
2019_1101_1266,0.14240308796879042
2019_1101_1268,0.12130260025188029
2019_1101_1276,0.029194294304563502
2019_1101_1277,0.025650410072119077
2019_1101_1278,0.21570801049242314
2019_1101_1279,0.19930789326444862
2019_1101_1280,0.105525437669621
2019_1101_1285,0.4643458317149317
2019_1101_1293,0.23224981714014606
2019_1101_1295,0.6237243924127227
2019_1101_1297,0.3880349945953915
2019_1101_1300,0.8110813280883051
2019_1101_1305,0.129861116566311
2019_1101_1308,0.2374681275392909
2019_1101_1314,0.025943458681408266
2019_1101_1318,0.34109895260943557
2019_1101_1326,0.20703306451675643
2019_1101_1328,0.19248837733032675
2019_1101_1330,0.4163355079833517
2019_1101_1332,0.20779767096148216
2019_1101_1341,0.6655810188701122
2019_1101_1345,0.04842483113655073
2019_1101_1371,0.24805981360707985
2019_1101_1385,0.3396613734442943
2019_1101_1387,0.40136974176891804
2019_1101_1388,0.16530201515039875
2019_1101_1393,0.18408990229099534
2019_1101_1396,0.3322366862871018
2019_1101_1397,0.03776548414840271
2019_1101_1403,0.041413578120951436
2019_1101_1414,0.3253545019112677
2019_1101_1416,0.21719318129461296
2019_1101_1429,0.17308085245962845
2019_1101_1433,0.1913313385756969
2019_1101_1436,0.34260027533806414
2019_1101_1437,0.14725907953054584
2019_1101_1438,0.028829932780746168
2019_1101_1439,0.06777549025318043
2019_1101_1449,0.24002236434538388
2019_1101_1458,0.07577072812544167
2019_1101_1459,0.1087705734928619
2019_1101_1463,0.3408608811736034
2019_1113_1120,0.21108739224064813
2019_1113_1124,0.4005912603878742
2019_1113_1125,0.4360854827250041
2019_1113_1133,0.7713979767812231
2019_1113_1138,0.2680705354144642
2019_1113_1153,0.3587697880520744
2019_1113_1159,0.6707817040035212
2019_1113_1181,0.062411831457234966
2019_1113_1192,0.8421646555860676
2019_1113_1196,0.32817195306810704
2019_1113_1199,0.22918936773161686
2019_1113_1205,0.7843102806772471
2019_1113_1209,0.6427512156188825
2019_1113_1211,0.057574785489603306
2019_1113_1222,0.23368769397083836
2019_1113_1233,0.8375875975785966
2019_1113_1234,0.38085187156061406
2019_1113_1235,0.24462084812577445
2019_1113_1242,0.2663991642690603
2019_1113_1243,0.2874088204548022
2019_1113_1246,0.1375956269694991
2019_1113_1251,0.5054003305473904
2019_1113_1257,0.26526230633935627
2019_1113_1261,0.2572664599904187
2019_1113_1266,0.3247000989906085
2019_1113_1268,0.28933639791208365
2019_1113_1276,0.1102895580559386
2019_1113_1277,0.0776484771484901
2019_1113_1278,0.4194151730901873
2019_1113_1279,0.40034526675125637
2019_1113_1280,0.26837124597437595
2019_1113_1285,0.6883780594769564
2019_1113_1293,0.4423655431216518
2019_1113_1295,0.8264893113744082
2019_1113_1297,0.6145180727276117
2019_1113_1300,0.949929923012875
2019_1113_1305,0.30776338329155434
2019_1113_1308,0.44277578422234953
2019_1113_1314,0.0957183647428512
2019_1113_1318,0.5617326843235683
2019_1113_1326,0.40544981672399855
2019_1113_1328,0.39213689297249477
2019_1113_1330,0.6374402187973818
2019_1113_1332,0.4036402889237033
2019_1113_1341,0.86561164969426
2019_1113_1345,0.1638951630669555
2019_1113_1371,0.46123988795086124
2019_1113_1385,0.567858968943422
2019_1113_1387,0.6252174432850405
2019_1113_1388,0.3462016673951093
2019_1113_1393,0.37680155921450437
2019_1113_1396,0.5569062830282625
2019_1113_1397,0.1409803954319703
2019_1113_1403,0.1489505857542866
2019_1113_1414,0.5430284608303818
2019_1113_1416,0.4165735476155297
2019_1113_1429,0.3652468319968467
2019_1113_1433,0.38978650757132144
2019_1113_1436,0.562158924024633
2019_1113_1437,0.32313660380670506
2019_1113_1438,0.04795325823839036
2019_1113_1439,0.19908891763525452
2019_1113_1449,0.4463797691261855
2019_1113_1458,0.2137864062302981
2019_1113_1459,0.27050047799082466
2019_1113_1463,0.5694935798230362
2019_1120_1124,0.6933495664932808
2019_1120_1125,0.7366917998416147
2019_1120_1133,0.9503384875411646
2019_1120_1138,0.5790236427792343
2019_1120_1153,0.6494499595804348
2019_1120_1159,0.9011707777003104
2019_1120_1181,0.28876046713413334
2019_1120_1192,0.9718876584899964
2019_1120_1196,0.6180707430995206
2019_1120_1199,0.5232148376190306
2019_1120_1205,0.9567015525403653
2019_1120_1209,0.8889156754537916
2019_1120_1211,0.27378379437570577
2019_1120_1222,0.5238361698493745
2019_1120_1233,0.9721373302473012
2019_1120_1234,0.6834565318488206
2019_1120_1235,0.5394136134600546
2019_1120_1242,0.5689319371718248
2019_1120_1243,0.5766323018895643
2019_1120_1246,0.4009629987610698
2019_1120_1251,0.7770643585391714
2019_1120_1257,0.5613672737496416
2019_1120_1261,0.5586361355344039
2019_1120_1266,0.6271837658911826
2019_1120_1268,0.5841092196017834
2019_1120_1276,0.35760485075178816
2019_1120_1277,0.3090073110502867
2019_1120_1278,0.7148723232413752
2019_1120_1279,0.6994475212624358
2019_1120_1280,0.5654293437554518
2019_1120_1285,0.9115159349117595
2019_1120_1293,0.7380238695812553
2019_1120_1295,0.9680992021645942
2019_1120_1297,0.8680081267083422
2019_1120_1300,0.9421125770234818
2019_1120_1305,0.6111804378737762
2019_1120_1308,0.7317078918256639
2019_1120_1314,0.3546784911329226
2019_1120_1318,0.8280647944420145
2019_1120_1326,0.6986171458117563
2019_1120_1328,0.6925145794698221
2019_1120_1330,0.8777434152782694
2019_1120_1332,0.6936959058973421
2019_1120_1341,0.9732992454327966
2019_1120_1345,0.43652080112153496
2019_1120_1371,0.753949340654915
2019_1120_1385,0.8399248131849135
2019_1120_1387,0.8724038879304256
2019_1120_1388,0.6360803843067439
2019_1120_1393,0.6728134662358142
2019_1120_1396,0.8292041727046747
2019_1120_1397,0.40979474646370606
2019_1120_1403,0.4185218716141379
2019_1120_1414,0.8125465656864587
2019_1120_1416,0.7068854515080509
2019_1120_1429,0.6653566130704163
2019_1120_1433,0.6893144041905808
2019_1120_1436,0.827204793436646
2019_1120_1437,0.6148984625764911
2019_1120_1438,0.23223091092703646
2019_1120_1439,0.47632491848644865
2019_1120_1449,0.7354282008349748
2019_1120_1458,0.49477403232378553
2019_1120_1459,0.5638346430300764
2019_1120_1463,0.8414134687225142
2019_1124_1125,0.538794605658802
2019_1124_1133,0.838124781260684
2019_1124_1138,0.3716264059801285
2019_1124_1153,0.457226460455658
2019_1124_1159,0.7524813991132464
2019_1124_1181,0.12833533311012155
2019_1124_1192,0.8962401372226647
2019_1124_1196,0.4261519564482047
2019_1124_1199,0.3267557217627223
2019_1124_1205,0.8500054471610594
2019_1124_1209,0.7300282973270199
2019_1124_1211,0.12014977454803019
2019_1124_1222,0.33028089508315683
2019_1124_1233,0.8945441487311748
2019_1124_1234,0.4835151239463066
2019_1124_1235,0.34282764240753705
2019_1124_1242,0.36738759855639785
2019_1124_1243,0.3847619375012178
2019_1124_1246,0.22258644522647933
2019_1124_1251,0.5982333322442646
2019_1124_1257,0.3643135595421278
2019_1124_1261,0.3577015887677831
2019_1124_1266,0.42665133819693524
2019_1124_1268,0.3883998735539138
2019_1124_1276,0.18891276736244847
2019_1124_1277,0.14800725347674518
2019_1124_1278,0.5200267234993639
2019_1124_1279,0.5020244482880358
2019_1124_1280,0.36776706894262823
2019_1124_1285,0.7680646868031831
2019_1124_1293,0.5433530317619331
2019_1124_1295,0.8829368503047573
2019_1124_1297,0.7033117004766131
2019_1124_1300,0.9691192910018113
2019_1124_1305,0.4097723356218622
2019_1124_1308,0.5413013804089131
2019_1124_1314,0.17511320079051487
2019_1124_1318,0.6537853449592113
2019_1124_1326,0.5051075987349993
2019_1124_1328,0.4941654141430071
2019_1124_1330,0.7214031241161136
2019_1124_1332,0.5021985542465209
2019_1124_1341,0.9160253925690391
2019_1124_1345,0.25298041198026217
2019_1124_1371,0.5614299700008684
2019_1124_1385,0.6626523095868609
2019_1124_1387,0.7116900609894387
2019_1124_1388,0.44431014298870447
2019_1124_1393,0.4771788132186558
2019_1124_1396,0.6513432317504614
2019_1124_1397,0.2275714735625956
2019_1124_1403,0.23631534453727654
2019_1124_1414,0.6358241226816864
2019_1124_1416,0.5153289407548318
2019_1124_1429,0.466890055915958
2019_1124_1433,0.49149468301373167
2019_1124_1436,0.6536750788966578
2019_1124_1437,0.4216625261215655
2019_1124_1438,0.1013957656939376
2019_1124_1439,0.29102366524734613
2019_1124_1449,0.544990970749559
2019_1124_1458,0.30724269408507265
2019_1124_1459,0.3688272137920228
2019_1124_1463,0.6642971525285457
2019_1125_1133,0.8216910206791324
2019_1125_1138,0.32715931194628034
2019_1125_1153,0.4174289441900445
2019_1125_1159,0.7284947838578639
2019_1125_1181,0.09304855845783037
2019_1125_1192,0.8849420167051346
2019_1125_1196,0.3854866986074908
2019_1125_1199,0.28317279357442
2019_1125_1205,0.834042478847794
2019_1125_1209,0.7031879329632351
2019_1125_1211,0.08610134675201296
2019_1125_1222,0.28713951878030386
2019_1125_1233,0.882046711839548
2019_1125_1234,0.44297726886995914
2019_1125_1235,0.29946552679379607
2019_1125_1242,0.3237387477720963
2019_1125_1243,0.3429763316010446
2019_1125_1246,0.18108539086222594
2019_1125_1251,0.5654308002956573
2019_1125_1257,0.32127836509297514
2019_1125_1261,0.3139668023178129
2019_1125_1266,0.38450854511356597
2019_1125_1268,0.34610371975463056
2019_1125_1276,0.1491826898371034
2019_1125_1277,0.11102548983723823
2019_1125_1278,0.48151122936789725
2019_1125_1279,0.46248770265397326
2019_1125_1280,0.32471094551873786
2019_1125_1285,0.7452298530991658
2019_1125_1293,0.5054585461037006
2019_1125_1295,0.8708132947394427
2019_1125_1297,0.6752055787944365
2019_1125_1300,0.9673478554592556
2019_1125_1305,0.3670629597483434
2019_1125_1308,0.5043247062005812
2019_1125_1314,0.13510938826284027
2019_1125_1318,0.6229875714501454
2019_1125_1326,0.46646852494734914
2019_1125_1328,0.45422975448644787
2019_1125_1330,0.6957898477825141
2019_1125_1332,0.4638929330325091
2019_1125_1341,0.9058385058164051
2019_1125_1345,0.21059578380489805
2019_1125_1371,0.5244442577131354
2019_1125_1385,0.6309549903051266
2019_1125_1387,0.6847750543235122
2019_1125_1388,0.4042072525459649
2019_1125_1393,0.4373170339317088
2019_1125_1396,0.6194782879032795
2019_1125_1397,0.18561167070527482
2019_1125_1403,0.19422454108610385
2019_1125_1414,0.6041942244335854
2019_1125_1416,0.47739037033103604
2019_1125_1429,0.4261939322190409
2019_1125_1433,0.4515951927773696
2019_1125_1436,0.6230993587746918
2019_1125_1437,0.3806435817115663
2019_1125_1438,0.07074608124546004
2019_1125_1439,0.24848043459077174
2019_1125_1449,0.5081023882044426
2019_1125_1458,0.26457994724140005
2019_1125_1459,0.32619160018541965
2019_1125_1463,0.6326408152644496
2019_1133_1138,0.06911473587879172
2019_1133_1153,0.13576855226820708
2019_1133_1159,0.39001327678589603
2019_1133_1181,0.03813555254909487
2019_1133_1192,0.5835331184234659
2019_1133_1196,0.11646522014085361
2019_1133_1199,0.05586603385232322
2019_1133_1205,0.5109712773320039
2019_1133_1209,0.35553280354194305
2019_1133_1211,0.0399008922323102
2019_1133_1222,0.05977551378745753
2019_1133_1233,0.5699551222108039
2019_1133_1234,0.14159075001619661
2019_1133_1235,0.06367004661998965
2019_1133_1242,0.07212057605262127
2019_1133_1243,0.09122374071915212
2019_1133_1246,0.02748597151173756
2019_1133_1251,0.2485366205743939
2019_1133_1257,0.07454927293335838
2019_1133_1261,0.06762632203502313
2019_1133_1266,0.10651356461553135
2019_1133_1268,0.0893729449912744
2019_1133_1276,0.02570981566949475
2019_1133_1277,0.028772103795601047
2019_1133_1278,0.17165355917511857
2019_1133_1279,0.15657852168035552
2019_1133_1280,0.07586336533010726
2019_1133_1285,0.40735775071735747
2019_1133_1293,0.18616255412765947
2019_1133_1295,0.567031012382735
2019_1133_1297,0.332784036930766
2019_1133_1300,0.7627368759168767
2019_1133_1305,0.09567520402407617
2019_1133_1308,0.19213167517297913
2019_1133_1314,0.026883634623566785
2019_1133_1318,0.28874080890854176
2019_1133_1326,0.16441966691696855
2019_1133_1328,0.15038146430746413
2019_1133_1330,0.3616054499356423
2019_1133_1332,0.16564620040106834
2019_1133_1341,0.6072123544912265
2019_1133_1345,0.03333962196993996
2019_1133_1371,0.20066216729082118
2019_1133_1385,0.2855556975872893
2019_1133_1387,0.3463783393349029
2019_1133_1388,0.12812813752785868
2019_1133_1393,0.14372418411954319
2019_1133_1396,0.27921279385220377
2019_1133_1397,0.027532288518551298
2019_1133_1403,0.029124059874361678
2019_1133_1414,0.2741890059130881
2019_1133_1416,0.17392076207263235
2019_1133_1429,0.13344440687882814
2019_1133_1433,0.14950938892740556
2019_1133_1436,0.29045073726264803
2019_1133_1437,0.11208527268813064
2019_1133_1438,0.040169578547437176
2019_1133_1439,0.04703975705771752
2019_1133_1449,0.19436535691573162
2019_1133_1458,0.05300871198655759
2019_1133_1459,0.07893733877184202
2019_1133_1463,0.2866112837582683
2019_1138_1153,0.58184580482207
2019_1138_1159,0.8663628098813198
2019_1138_1181,0.20961195563962942
2019_1138_1192,0.9634434518451859
2019_1138_1196,0.548298453592965
2019_1138_1199,0.4446601285290434
2019_1138_1205,0.9384812515068546
2019_1138_1209,0.8496488357095053
2019_1138_1211,0.1965937581730698
2019_1138_1222,0.44649812374086745
2019_1138_1233,0.9633555850537251
2019_1138_1234,0.6150989970366619
2019_1138_1235,0.46197613117786235
2019_1138_1242,0.4916237801503497
2019_1138_1243,0.5038288494734193
2019_1138_1246,0.3212206785102051
2019_1138_1251,0.7237971500712034
2019_1138_1257,0.4853354947513305
2019_1138_1261,0.4808279084042071
2019_1138_1266,0.5545346688793249
2019_1138_1268,0.5102882394058836
2019_1138_1276,0.27898312503703354
2019_1138_1277,0.230684664678926
2019_1138_1278,0.6508226007236944
2019_1138_1279,0.6332576250462579
2019_1138_1280,0.4894462810638454
2019_1138_1285,0.8790768049529277
2019_1138_1293,0.6756241046917669
2019_1138_1295,0.9567641242999394
2019_1138_1297,0.8255051149261442
2019_1138_1300,0.9567006837543527
2019_1138_1305,0.5370070036535398
2019_1138_1308,0.6706529500358305
2019_1138_1314,0.2715913890559958
2019_1138_1318,0.7796505012360306
2019_1138_1326,0.6339920585561265
2019_1138_1328,0.6254547919317759
2019_1138_1330,0.8390219418921682
2019_1138_1332,0.6295623923003825
2019_1138_1341,0.9711414027343813
2019_1138_1345,0.35707368717223537
2019_1138_1371,0.6934993896665744
2019_1138_1385,0.7909338414089466
2019_1138_1387,0.831697787062233
2019_1138_1388,0.5676895716095983
2019_1138_1393,0.6054795844988198
2019_1138_1396,0.7793848006168821
2019_1138_1397,0.3291052279653889
2019_1138_1403,0.3384079144298324
2019_1138_1414,0.7622614465470486
2019_1138_1416,0.6436499988072552
2019_1138_1429,0.5963177038121261
2019_1138_1433,0.6222479728791349
2019_1138_1436,0.7790529597327538
2019_1138_1437,0.5443511449981098
2019_1138_1438,0.1621744677779531
2019_1138_1439,0.3989110376049426
2019_1138_1449,0.6746110773109699
2019_1138_1458,0.4177734546703098
2019_1138_1459,0.48881498942616347
2019_1138_1463,0.7925666089691499
2019_1153_1159,0.7852578348384716
2019_1153_1181,0.16419613675823636
2019_1153_1192,0.9159505276535517
2019_1153_1196,0.46914580932390343
2019_1153_1199,0.3712677913587821
2019_1153_1205,0.8750727813339759
2019_1153_1209,0.7652991848801178
2019_1153_1211,0.1546264526843846
2019_1153_1222,0.3742019785526473
2019_1153_1233,0.9152379405334231
2019_1153_1234,0.528011304040017
2019_1153_1235,0.3873143748026164
2019_1153_1242,0.412801975044855
2019_1153_1243,0.42804519442931543
2019_1153_1246,0.2635160448176777
2019_1153_1251,0.6371735671609672
2019_1153_1257,0.40880378515392685
2019_1153_1261,0.40302586035028193
2019_1153_1266,0.47155694120829855
2019_1153_1268,0.4324750801146001
2019_1153_1276,0.22777886644434278
2019_1153_1277,0.1846887997532232
2019_1153_1278,0.563164660256475
2019_1153_1279,0.5458487105440871
2019_1153_1280,0.41236741782866265
2019_1153_1285,0.7998402316610466
2019_1153_1293,0.5864121085356397
2019_1153_1295,0.9039044472476547
2019_1153_1297,0.739525128742146
2019_1153_1300,0.9728449001518171
2019_1153_1305,0.45496003241865324
2019_1153_1308,0.583278163614453
2019_1153_1314,0.21550524568043541
2019_1153_1318,0.6918756278309525
2019_1153_1326,0.5479697914492865
2019_1153_1328,0.5382409080239199
2019_1153_1330,0.7554632062643056
2019_1153_1332,0.5445869269988886
2019_1153_1341,0.9336550100878216
2019_1153_1345,0.2950213798669399
2019_1153_1371,0.6039441795769932
2019_1153_1385,0.7017903894704518
2019_1153_1387,0.7468694211430008
2019_1153_1388,0.48713603455717597
2019_1153_1393,0.520684564568
2019_1153_1396,0.6904567402541626
2019_1153_1397,0.2692202357969198
2019_1153_1403,0.27802814986615426
2019_1153_1414,0.6744040704182965
2019_1153_1416,0.5576716051542162
2019_1153_1429,0.5111122889776666
2019_1153_1433,0.535453037985766
2019_1153_1436,0.6915419366109044
2019_1153_1437,0.4649801573245557
2019_1153_1438,0.13163621106477774
2019_1153_1439,0.33343491469532927
2019_1153_1449,0.5869693630576392
2019_1153_1458,0.3500494322492145
2019_1153_1459,0.4128678338298299
2019_1153_1463,0.7034208648950798
2019_1159_1181,0.025752607077450317
2019_1159_1192,0.6919625946680563
2019_1159_1196,0.19012650430836237
2019_1159_1199,0.1100949917545339
2019_1159_1205,0.6224319199370836
2019_1159_1209,0.4670901994773636
2019_1159_1211,0.025660359809234767
2019_1159_1222,0.11497660325254089
2019_1159_1233,0.6820547771720246
2019_1159_1234,0.22624076842872268
2019_1159_1235,0.12160959539465394
2019_1159_1242,0.13537183228102917
2019_1159_1243,0.15758464258095053
2019_1159_1246,0.05397220955525372
2019_1159_1251,0.34463528537338367
2019_1159_1257,0.13712129042010787
2019_1159_1261,0.12877524207402533
2019_1159_1266,0.1813551149341239
2019_1159_1268,0.15668594557568455
2019_1159_1276,0.04078127963019557
2019_1159_1277,0.027831679405374843
2019_1159_1278,0.2611061128817319
2019_1159_1279,0.24375855200104568
2019_1159_1280,0.1391614726842659
2019_1159_1285,0.5181071338796446
2019_1159_1293,0.27936236569665723
2019_1159_1295,0.6748003302952619
2019_1159_1297,0.44132897958512285
2019_1159_1300,0.8512306411543
2019_1159_1305,0.167460057957859
2019_1159_1308,0.2836618110722906
2019_1159_1314,0.03155156904557887
2019_1159_1318,0.392353313967465
2019_1159_1326,0.2511314578978874
2019_1159_1328,0.23647691934501275
2019_1159_1330,0.4686843794095409
2019_1159_1332,0.25138062887884344
2019_1159_1341,0.7173788125237358
2019_1159_1345,0.06923724989844504
2019_1159_1371,0.29615170881744113
2019_1159_1385,0.3926686511064248
2019_1159_1387,0.4541999380415959
2019_1159_1388,0.20476920023760792
2019_1159_1393,0.22644571884545844
2019_1159_1396,0.3843073910646937
2019_1159_1397,0.05482661010295153
2019_1159_1403,0.05986490987681091
2019_1159_1414,0.375703728462239
2019_1159_1416,0.26171929860111337
2019_1159_1429,0.21501107501941066
2019_1159_1433,0.23504595845198228
2019_1159_1436,0.39362318608901864
2019_1159_1437,0.1851650374560209
2019_1159_1438,0.025659156574084862
2019_1159_1439,0.09334218487283813
2019_1159_1449,0.2864901155161214
2019_1159_1458,0.10313273045855248
2019_1159_1459,0.14238616553252156
2019_1159_1463,0.39398862561878456
2019_1181_1192,0.9148436931226226
2019_1181_1196,0.8094210122356557
2019_1181_1199,0.7337709978650075
2019_1181_1205,0.9521118728839734
2019_1181_1209,0.9730118645883236
2019_1181_1211,0.47897377434501326
2019_1181_1222,0.7314499022334607
2019_1181_1233,0.9097575034179821
2019_1181_1234,0.868061650190454
2019_1181_1235,0.7475164929269054
2019_1181_1242,0.7767522337357926
2019_1181_1243,0.7745956579954788
2019_1181_1246,0.611233974614649
2019_1181_1251,0.9243492270017525
2019_1181_1257,0.766394980733023
2019_1181_1261,0.7676482116810394
2019_1181_1266,0.8238062594757118
2019_1181_1268,0.784257040272162
2019_1181_1276,0.5635173355408933
2019_1181_1277,0.515165566378636
2019_1181_1278,0.8886576797615001
2019_1181_1279,0.8786522148359479
2019_1181_1280,0.7703499361898148
2019_1181_1285,0.9730425653161544
2019_1181_1293,0.9054958503986924
2019_1181_1295,0.9315068191569255
2019_1181_1297,0.9689121976903552
2019_1181_1300,0.7221074321191356
2019_1181_1305,0.8114671072907589
2019_1181_1308,0.8984599294820738
2019_1181_1314,0.5760711219590018
2019_1181_1318,0.9537246062140964
2019_1181_1326,0.8754630833155636
2019_1181_1328,0.8739642934719004
2019_1181_1330,0.970542404631776
2019_1181_1332,0.8703148697878968
2019_1181_1341,0.8787067514392879
2019_1181_1345,0.6469549803726575
2019_1181_1371,0.915516433189321
2019_1181_1385,0.9605614677089552
2019_1181_1387,0.9696292735846704
2019_1181_1388,0.8242104060411636
2019_1181_1393,0.8567627064250286
2019_1181_1396,0.9555133320811443
2019_1181_1397,0.6232116735156548
2019_1181_1403,0.6303891456228612
2019_1181_1414,0.9459503355689967
2019_1181_1416,0.8805412493339952
2019_1181_1429,0.8528800357872987
2019_1181_1433,0.8711522619340454
2019_1181_1436,0.9530074954467115
2019_1181_1437,0.8078578288795987
2019_1181_1438,0.41271838725069854
2019_1181_1439,0.6825919557858605
2019_1181_1449,0.9011998345005218
2019_1181_1458,0.7006777980943182
2019_1181_1459,0.7666100125919671
2019_1181_1463,0.9611991632679336
2019_1192_1196,0.0688806184810189
2019_1192_1199,0.029629237032355496
2019_1192_1205,0.4262202809121347
2019_1192_1209,0.2732883568491938
2019_1192_1211,0.0855903733293477
2019_1192_1222,0.0316796449710716
2019_1192_1233,0.48371062629153033
2019_1192_1234,0.08599357600158608
2019_1192_1235,0.0334661450040623
2019_1192_1242,0.03770602727421438
2019_1192_1243,0.05088238632476817
2019_1192_1246,0.02771256110173676
2019_1192_1251,0.17914537102790293
2019_1192_1257,0.039572553116653524
2019_1192_1261,0.035240362421477316
2019_1192_1266,0.06015140034041514
2019_1192_1268,0.049126383551488496
2019_1192_1276,0.034260591491598255
2019_1192_1277,0.05773318304995323
2019_1192_1278,0.11065853491896976
2019_1192_1279,0.09813100106615621
2019_1192_1280,0.0402997472544185
2019_1192_1285,0.32460627183738444
2019_1192_1293,0.12208827801714342
2019_1192_1295,0.48439077224528776
2019_1192_1297,0.2530615376900127
2019_1192_1300,0.6912137418789264
2019_1192_1305,0.052547433647913255
2019_1192_1308,0.12842745994269616
2019_1192_1314,0.051692073771600615
2019_1192_1318,0.2134065070227361
2019_1192_1326,0.10539961613966027
2019_1192_1328,0.09310388255061611
2019_1192_1330,0.2821598011639174
2019_1192_1332,0.1069716732685136
2019_1192_1341,0.5217573996476572
2019_1192_1345,0.0256686533623534
2019_1192_1371,0.13431764127472176
2019_1192_1385,0.20824851141902012
2019_1192_1387,0.26677825114718096
2019_1192_1388,0.07766850642520393
2019_1192_1393,0.08871034448691063
2019_1192_1396,0.2033512480166158
2019_1192_1397,0.027772811515956012
2019_1192_1403,0.02644590287763053
2019_1192_1414,0.20062991522433585
2019_1192_1416,0.11351973740338486
2019_1192_1429,0.08021371300099357
2019_1192_1433,0.09258053261018616
2019_1192_1436,0.21532168924795633
2019_1192_1437,0.0654189235790647
2019_1192_1438,0.08243115133478364
2019_1192_1439,0.02711427061139535
2019_1192_1449,0.13019544814012418
2019_1192_1458,0.028885570225275874
2019_1192_1459,0.04247175377094118
2019_1192_1463,0.20910543757405872
2019_1196_1199,0.4031253703591396
2019_1196_1205,0.8936922674933276
2019_1196_1209,0.7913773186236995
2019_1196_1211,0.17975373833645003
2019_1196_1222,0.4055916455315731
2019_1196_1233,0.9302075585805515
2019_1196_1234,0.5602325587155708
2019_1196_1235,0.4191649427108106
2019_1196_1242,0.4454127698209982
2019_1196_1243,0.4590455683274954
2019_1196_1246,0.29267738433670965
2019_1196_1251,0.665788235793557
2019_1196_1257,0.4406903056970048
2019_1196_1261,0.435552378809775
2019_1196_1266,0.5039153492557379
2019_1196_1268,0.464095744566966
2019_1196_1276,0.25546094395830615
2019_1196_1277,0.21108993438613627
2019_1196_1278,0.5945109793648886
2019_1196_1279,0.5776360810627981
2019_1196_1280,0.4443462904882341
2019_1196_1285,0.8235056583723886
2019_1196_1293,0.6177637698619048
2019_1196_1295,0.9194634460149335
2019_1196_1297,0.7663162622861938
2019_1196_1300,0.9733151622518588
2019_1196_1305,0.4874863571514076
2019_1196_1308,0.6138597331603196
2019_1196_1314,0.244730406942317
2019_1196_1318,0.7199731789763074
2019_1196_1326,0.5790722415639679
2019_1196_1328,0.5701871434837189
2019_1196_1330,0.7808228616547054
2019_1196_1332,0.5753373750765254
2019_1196_1341,0.9461178664631723
2019_1196_1345,0.3249614748017459
2019_1196_1371,0.6349532521399104
2019_1196_1385,0.7305704740816932
2019_1196_1387,0.7729734569234255
2019_1196_1388,0.5179940784949059
2019_1196_1393,0.5521623609204152
2019_1196_1396,0.7192326927371165
2019_1196_1397,0.29896131892503863
2019_1196_1403,0.30776983194639057
2019_1196_1414,0.7028262704478868
2019_1196_1416,0.5884336817626614
2019_1196_1429,0.543082984175337
2019_1196_1433,0.5673063515339861
2019_1196_1436,0.7194917346005223
2019_1196_1437,0.49612590678412527
2019_1196_1438,0.15340428002467013
2019_1196_1439,0.36360040819582684
2019_1196_1449,0.617562427007156
2019_1196_1458,0.3805327524952962
2019_1196_1459,0.44441365704725827
2019_1196_1463,0.7321890286131149
2019_1199_1205,0.9504326301391335
2019_1199_1209,0.8758956157511608
2019_1199_1211,0.25184063733173073
2019_1199_1222,0.5010495963703179
2019_1199_1233,0.9694770612499337
2019_1199_1234,0.6624586779591095
2019_1199_1235,0.5165084892822429
2019_1199_1242,0.5459037548903235
2019_1199_1243,0.5548884379386709
2019_1199_1246,0.37806113766738203
2019_1199_1251,0.7599411503113622
2019_1199_1257,0.538758353109485
2019_1199_1261,0.5355145878609809
2019_1199_1266,0.6052131625647489
2019_1199_1268,0.5620242598110032
2019_1199_1276,0.3352155228500088
2019_1199_1277,0.2867584018349711
2019_1199_1278,0.6949624992386121
2019_1199_1279,0.6789959821848142
2019_1199_1280,0.5428121920106052
2019_1199_1285,0.900496641715736
2019_1199_1293,0.7185109068809509
2019_1199_1295,0.9642244043843243
2019_1199_1297,0.853963109860006
2019_1199_1300,0.9495832953408764
2019_1199_1305,0.5888497469744998
2019_1199_1308,0.7125698623018942
2019_1199_1314,0.3307814196272205
2019_1199_1318,0.8122836289010288
2019_1199_1326,0.6785988476666515
2019_1199_1328,0.6718454128094509
2019_1199_1330,0.864723602588844
2019_1199_1332,0.6738300188116636
2019_1199_1341,0.9732555533848879
2019_1199_1345,0.41355690942115436
2019_1199_1371,0.7349387801786488
2019_1199_1385,0.8240535008115023
2019_1199_1387,0.8588433740536795
2019_1199_1388,0.6152798544976495
2019_1199_1393,0.6521409817496103
2019_1199_1396,0.8130698477089562
2019_1199_1397,0.3865485348620516
2019_1199_1403,0.39542634549930206
2019_1199_1414,0.7962366291825643
2019_1199_1416,0.6872213418057962
2019_1199_1429,0.644237769340773
2019_1199_1433,0.6686542340671112
2019_1199_1436,0.8114870573815008
2019_1199_1437,0.5935934256609348
2019_1199_1438,0.2126798771479499
2019_1199_1439,0.4537900238465452
2019_1199_1449,0.716346563842133
2019_1199_1458,0.47225986722645386
2019_1199_1459,0.5415116654694452
2019_1199_1463,0.8255870167689481
2019_1205_1209,0.3426698950555445
2019_1205_1211,0.04809760736713962
2019_1205_1222,0.052218255236250496
2019_1205_1233,0.5597233382407046
2019_1205_1234,0.13001408779742857
2019_1205_1235,0.05576794596603319
2019_1205_1242,0.0635514693664446
2019_1205_1243,0.08159720932156789
2019_1205_1246,0.0261658187316765
2019_1205_1251,0.23586591897634163
2019_1205_1257,0.06584440401750513
2019_1205_1261,0.059388701710059826
2019_1205_1266,0.09611029703144189
2019_1205_1268,0.07980984611507189
2019_1205_1276,0.02569302327252627
2019_1205_1277,0.03290077654274698
2019_1205_1278,0.15948661269710912
2019_1205_1279,0.14467455474916704
2019_1205_1280,0.06706833745076522
2019_1205_1285,0.39514548597311205
2019_1205_1293,0.1737202898300585
2019_1205_1295,0.5572594974391413
2019_1205_1297,0.31991727962690164
2019_1205_1300,0.7570587993491819
2019_1205_1305,0.08574483581213599
2019_1205_1308,0.1797240280247301
2019_1205_1314,0.029444484103748423
2019_1205_1318,0.2758452532108584
2019_1205_1326,0.15243462813128933
2019_1205_1328,0.13860687037187178
2019_1205_1330,0.3491374812686886
2019_1205_1332,0.1536831097898472
2019_1205_1341,0.597622452156521
2019_1205_1345,0.02936520792660026
2019_1205_1371,0.18803825996063084
2019_1205_1385,0.27242595360636684
2019_1205_1387,0.33369424498678546
2019_1205_1388,0.11707518757835624
2019_1205_1393,0.13217472398052243
2019_1205_1396,0.26617127645131783
2019_1205_1397,0.026187072470965328
2019_1205_1403,0.02692239427439518
2019_1205_1414,0.2613317642496955
2019_1205_1416,0.16179666650906877
2019_1205_1429,0.1221288067826691
2019_1205_1433,0.13776825142842708
2019_1205_1436,0.2775931808970119
2019_1205_1437,0.10154975398535923
2019_1205_1438,0.048499054479620614
2019_1205_1439,0.04083012284178641
2019_1205_1449,0.1819204215037909
2019_1205_1458,0.046119713644494555
2019_1205_1459,0.06996630799970432
2019_1205_1463,0.2734711637780769
2019_1209_1211,0.025940293463568614
2019_1209_1222,0.1285251477350825
2019_1209_1233,0.7175514840782493
2019_1209_1234,0.24855614384609534
2019_1209_1235,0.13603013113174045
2019_1209_1242,0.15147077916033194
2019_1209_1243,0.17376877539871416
2019_1209_1246,0.06113469434295752
2019_1209_1251,0.37107599059421204
2019_1209_1257,0.15270065011978176
2019_1209_1261,0.14430744783093077
2019_1209_1266,0.2005618994317766
2019_1209_1268,0.1734063103546065
2019_1209_1276,0.045840437802946866
2019_1209_1277,0.030065325156992676
2019_1209_1278,0.28494322303968483
2019_1209_1279,0.26685301672992406
2019_1209_1280,0.15497116389919605
2019_1209_1285,0.5515362161444167
2019_1209_1293,0.30457662846354805
2019_1209_1295,0.7092838275996369
2019_1209_1297,0.47303437554486
2019_1209_1300,0.8798622596683868
2019_1209_1305,0.18583160186195188
2019_1209_1308,0.3082002799008063
2019_1209_1314,0.03574179143583035
2019_1209_1318,0.4218650461498937
2019_1209_1326,0.2739394964399138
2019_1209_1328,0.2592243322824365
2019_1209_1330,0.5003090862854225
2019_1209_1332,0.273780844501856
2019_1209_1341,0.7524671630226889
2019_1209_1345,0.07821827821615576
2019_1209_1371,0.3222017207738109
2019_1209_1385,0.42336383743010575
2019_1209_1387,0.48584826518899793
2019_1209_1388,0.22403136622030034
2019_1209_1393,0.2479213527768523
2019_1209_1396,0.41424162538981685
2019_1209_1397,0.06238607380366059
2019_1209_1403,0.06790515279851368
2019_1209_1414,0.40432917336289886
2019_1209_1416,0.2848775178350037
2019_1209_1429,0.23622428114966412
2019_1209_1433,0.2575792001633141
2019_1209_1436,0.42300037520222844
2019_1209_1437,0.20338558838464277
2019_1209_1438,0.025663434347970197
2019_1209_1439,0.10434679980473194
2019_1209_1449,0.31125416933112826
2019_1209_1458,0.11509054012864274
2019_1209_1459,0.15803075167791203
2019_1209_1463,0.42478503165843257
2019_1211_1222,0.7455104987327144
2019_1211_1233,0.9061519955124395
2019_1211_1234,0.8768937933552798
2019_1211_1235,0.7612227324419167
2019_1211_1242,0.7897203464193276
2019_1211_1243,0.7866072591184421
2019_1211_1246,0.628889997955057
2019_1211_1251,0.9291926412583122
2019_1211_1257,0.7793257901377801
2019_1211_1261,0.7809540362024423
2019_1211_1266,0.8346185570229283
2019_1211_1268,0.7962736922926612
2019_1211_1276,0.5821291437586433
2019_1211_1277,0.5352581264705609
2019_1211_1278,0.8961766512847863
2019_1211_1279,0.8868131532662573
2019_1211_1280,0.7831758032759261
2019_1211_1285,0.9727194090053413
2019_1211_1293,0.9122300803061145
2019_1211_1295,0.9290672078278437
2019_1211_1297,0.9703941158107214
2019_1211_1300,0.7221074321191356
2019_1211_1305,0.822899075405645
2019_1211_1308,0.9052193364945175
2019_1211_1314,0.5959235508111078
2019_1211_1318,0.9568038886399879
2019_1211_1326,0.88345355043475
2019_1211_1328,0.8824062748414475
2019_1211_1330,0.9716512116623868
2019_1211_1332,0.8783591215898975
2019_1211_1341,0.8747620985787463
2019_1211_1345,0.6635987112483607
2019_1211_1371,0.9216267147334314
2019_1211_1385,0.9632319058491816
2019_1211_1387,0.9709401373465413
2019_1211_1388,0.834167501809185
2019_1211_1393,0.8657240408776598
2019_1211_1396,0.9586073695305329
2019_1211_1397,0.640848177837602
2019_1211_1403,0.6476566154248355
2019_1211_1414,0.9496090572680003
2019_1211_1416,0.8881607295540059
2019_1211_1429,0.8622518429292501
2019_1211_1433,0.879675850842155
2019_1211_1436,0.9561027838262024
2019_1211_1437,0.8186300080251343
2019_1211_1438,0.4332570074256706
2019_1211_1439,0.6978043170999495
2019_1211_1449,0.9078398019056868
2019_1211_1458,0.7153633358732207
2019_1211_1459,0.7793047026822817
2019_1211_1463,0.963807997266466
2019_1222_1233,0.9675634757313003
2019_1222_1234,0.6591251664812482
2019_1222_1235,0.5152731366625942
2019_1222_1242,0.5442135856511177
2019_1222_1243,0.5530714750176455
2019_1222_1246,0.3789969483681621
2019_1222_1251,0.7553600316324016
2019_1222_1257,0.5371835514480703
2019_1222_1261,0.5339800775968774
2019_1222_1266,0.6026540072659835
2019_1222_1268,0.5600963716637122
2019_1222_1276,0.33682608306808337
2019_1222_1277,0.2889635701021549
2019_1222_1278,0.6911989835348886
2019_1222_1279,0.6754408235948122
2019_1222_1280,0.5411747299701455
2019_1222_1285,0.8957416978459775
2019_1222_1293,0.7144984227309122
2019_1222_1295,0.9615944429376491
2019_1222_1297,0.8490253969985508
2019_1222_1300,0.9548731714746284
2019_1222_1305,0.5865278732083339
2019_1222_1308,0.7085684884792205
2019_1222_1314,0.33220897832985463
2019_1222_1318,0.8074112248118337
2019_1222_1326,0.6750141514916344
2019_1222_1328,0.6683840130356634
2019_1222_1330,0.8596970237770738
2019_1222_1332,0.6702861202679257
2019_1222_1341,0.9727800114683454
2019_1222_1345,0.41394965545345314
2019_1222_1371,0.730749819218607
2019_1222_1385,0.8192390312142988
2019_1222_1387,0.8538594262799846
2019_1222_1388,0.6125417151240399
2019_1222_1393,0.6489097407076433
2019_1222_1396,0.8082621054382485
2019_1222_1397,0.3873167024586201
2019_1222_1403,0.39608091742923784
2019_1222_1414,0.7914371434275329
2019_1222_1416,0.6835146029379552
2019_1222_1429,0.6411297415576037
2019_1222_1433,0.6652278443040478
2019_1222_1436,0.8066011373551941
2019_1222_1437,0.5911833718816422
2019_1222_1438,0.21605778029522332
2019_1222_1439,0.4535815115310718
2019_1222_1449,0.7123068718588312
2019_1222_1458,0.47175206062237074
2019_1222_1459,0.5398985610305638
2019_1222_1463,0.8207717891301417
2019_1233_1234,0.08754105591813745
2019_1233_1235,0.03316114783117647
2019_1233_1242,0.03762516098407432
2019_1233_1243,0.050592984471991995
2019_1233_1246,0.02834720065537041
2019_1233_1251,0.18331684269459042
2019_1233_1257,0.03934182842990763
2019_1233_1261,0.035095914813347014
2019_1233_1266,0.06065201969399028
2019_1233_1268,0.04901078340537368
2019_1233_1276,0.03608718505275626
2019_1233_1277,0.06158273222861299
2019_1233_1278,0.11293829738009917
2019_1233_1279,0.10003255415452389
2019_1233_1280,0.04010579427176171
2019_1233_1285,0.33517352162438907
2019_1233_1293,0.12502454819473494
2019_1233_1295,0.500062983650161
2019_1233_1297,0.26110223960075424
2019_1233_1300,0.7111904678095291
2019_1233_1305,0.05284651393366743
2019_1233_1308,0.13115145041943724
2019_1233_1314,0.05411251666857943
2019_1233_1318,0.21958835617917194
2019_1233_1326,0.10723899177944507
2019_1233_1328,0.09484539759838716
2019_1233_1330,0.29077622326151265
2019_1233_1332,0.1086607569879793
2019_1233_1341,0.5391794558444164
2019_1233_1345,0.025698966630456985
2019_1233_1371,0.13773593081626037
2019_1233_1385,0.2149050654104199
2019_1233_1387,0.27507746113009846
2019_1233_1388,0.07813090611012947
2019_1233_1393,0.08996803397981473
2019_1233_1396,0.2095557352806827
2019_1233_1397,0.028351598590968207
2019_1233_1403,0.026853459014115014
2019_1233_1414,0.20616374940067458
2019_1233_1416,0.11555222684980745
2019_1233_1429,0.08135491978649564
2019_1233_1433,0.09424072660225435
2019_1233_1436,0.22147233524459856
2019_1233_1437,0.06558601677771883
2019_1233_1438,0.09014584218714704
2019_1233_1439,0.026829699646867006
2019_1233_1449,0.13303119623394902
2019_1233_1458,0.028448584522617577
2019_1233_1459,0.04219494523824473
2019_1233_1463,0.215826386264282
2019_1234_1235,0.3541720317012727
2019_1234_1242,0.38002829845261965
2019_1234_1243,0.3970264333927233
2019_1234_1246,0.22876754748063705
2019_1234_1251,0.6170907631503509
2019_1234_1257,0.37640455825762237
2019_1234_1261,0.3699637656062155
2019_1234_1266,0.4412240780437383
2019_1234_1268,0.40117050499820056
2019_1234_1276,0.1934589548677314
2019_1234_1277,0.15132069487190009
2019_1234_1278,0.5374346295039791
2019_1234_1279,0.5190115423067504
2019_1234_1280,0.3800336510270047
2019_1234_1285,0.7891645988509788
2019_1234_1293,0.5615805099058704
2019_1234_1295,0.9009311842023683
2019_1234_1297,0.7243747953186903
2019_1234_1300,0.9730561721998757
2019_1234_1305,0.42383846901236555
2019_1234_1308,0.5590913290096645
2019_1234_1314,0.1806218543903729
2019_1234_1318,0.674114065316787
2019_1234_1326,0.521857944109016
2019_1234_1328,0.5109523655439753
2019_1234_1330,0.7423639002649103
2019_1234_1332,0.5186643214418293
2019_1234_1341,0.9315010604536869
2019_1234_1345,0.2603940716512409
2019_1234_1371,0.5801134855470388
2019_1234_1385,0.683471562290787
2019_1234_1387,0.7326986185115933
2019_1234_1388,0.45868291194109034
2019_1234_1393,0.49310540103403844
2019_1234_1396,0.6718619669418902
2019_1234_1397,0.23426790624396324
2019_1234_1403,0.2431990866848224
2019_1234_1414,0.6557702786631061
2019_1234_1416,0.5322788412824916
2019_1234_1429,0.48270468682285406
2019_1234_1433,0.5081376452977361
2019_1234_1436,0.6739458831452662
2019_1234_1437,0.43535854081915726
2019_1234_1438,0.10170014987958843
2019_1234_1439,0.2996271945112016
2019_1234_1449,0.56291580095703
2019_1234_1458,0.31655242103334913
2019_1234_1459,0.38086347360208683
2019_1234_1463,0.6851540816690401
2019_1235_1242,0.5290655607394159
2019_1235_1243,0.5388495333713224
2019_1235_1246,0.3630770532414197
2019_1235_1251,0.7451875154948457
2019_1235_1257,0.5222868991769705
2019_1235_1261,0.5187182770902857
2019_1235_1266,0.5885095975916507
2019_1235_1268,0.545674978863633
2019_1235_1276,0.3210332159664983
2019_1235_1277,0.27309969359452557
2019_1235_1278,0.67884372845005
2019_1235_1279,0.6626474474247275
2019_1235_1280,0.5262926888119666
2019_1235_1285,0.889584862625829
2019_1235_1293,0.7024792480983906
2019_1235_1295,0.9593371404023878
2019_1235_1297,0.8409385537969053
2019_1235_1300,0.9569978110312258
2019_1235_1305,0.5720602017382145
2019_1235_1308,0.6968231292486748
2019_1235_1314,0.31549568402858774
2019_1235_1318,0.7981840814555495
2019_1235_1326,0.6625389125117738
2019_1235_1328,0.6554118051808786
2019_1235_1330,0.8523584342632461
2019_1235_1332,0.6579096565227903
2019_1235_1341,0.9721739846793704
2019_1235_1345,0.39816338652014444
2019_1235_1371,0.7191246678733225
2019_1235_1385,0.809880129612371
2019_1235_1387,0.8461288397885696
2019_1235_1388,0.5992706866214532
2019_1235_1393,0.6358744943969077
2019_1235_1396,0.7987481552924192
2019_1235_1397,0.37122250325804895
2019_1235_1403,0.38012250586313606
2019_1235_1414,0.7818458946620838
2019_1235_1416,0.6713238473929153
2019_1235_1429,0.6277440461323627
2019_1235_1433,0.6522532868040831
2019_1235_1436,0.7974283595544127
2019_1235_1437,0.5774571950583489
2019_1235_1438,0.20162627841109057
2019_1235_1439,0.4382820550919588
2019_1235_1449,0.7006097027552229
2019_1235_1458,0.4565668990234544
2019_1235_1459,0.5252109645799968
2019_1235_1463,0.8114401732752516
2019_1242_1243,0.5115336658648766
2019_1242_1246,0.3333870758226347
2019_1242_1251,0.7248888088692474
2019_1242_1257,0.4937773642004501
2019_1242_1261,0.48954415287237024
2019_1242_1266,0.5611645977851833
2019_1242_1268,0.5179632450441679
2019_1242_1276,0.2918078114962706
2019_1242_1277,0.24405753768848745
2019_1242_1278,0.6545784562279584
2019_1242_1279,0.637602661274805
2019_1242_1280,0.4977951649452189
2019_1242_1285,0.8767305255179102
2019_1242_1293,0.6787809696244078
2019_1242_1295,0.9541600369921758
2019_1242_1297,0.8244220077451181
2019_1242_1300,0.9611838792497855
2019_1242_1305,0.544167853736253
2019_1242_1308,0.6736612818864376
2019_1242_1314,0.2846484153370366
2019_1242_1318,0.7795674070000438
2019_1242_1326,0.6380955423678155
2019_1242_1328,0.630051716055987
2019_1242_1330,0.8372745839139316
2019_1242_1332,0.6336664685913378
2019_1242_1341,0.9698150260916817
2019_1242_1345,0.368540084573268
2019_1242_1371,0.6961271256144631
2019_1242_1385,0.7909760366369726
2019_1242_1387,0.8302944579281226
2019_1242_1388,0.5735259013559135
2019_1242_1393,0.6104567549890617
2019_1242_1396,0.7795758989263003
2019_1242_1397,0.34117285697949234
2019_1242_1403,0.3502742605560365
2019_1242_1414,0.7625695014926068
2019_1242_1416,0.6473920041558874
2019_1242_1429,0.6016925628528506
2019_1242_1433,0.6268986765335286
2019_1242_1436,0.7789184702651926
2019_1242_1437,0.5509322779963377
2019_1242_1438,0.17569698504928966
2019_1242_1439,0.4093677069960704
2019_1242_1449,0.6775285420401516
2019_1242_1458,0.42778484888917
2019_1242_1459,0.497078899722852
2019_1242_1463,0.7925843835346048
2019_1243_1246,0.33106116708147876
2019_1243_1251,0.7041391093071567
2019_1243_1257,0.48287539828144305
2019_1243_1261,0.47860565892243395
2019_1243_1266,0.5468452731054335
2019_1243_1268,0.5059628325278119
2019_1243_1276,0.2918526005796499
2019_1243_1277,0.2460023138798394
2019_1243_1278,0.6362578007287882
2019_1243_1279,0.6199304877604611
2019_1243_1280,0.48666307167543227
2019_1243_1285,0.8549080068529985
2019_1243_1293,0.6595213429489
2019_1243_1295,0.9391757153127542
2019_1243_1297,0.8020137132923698
2019_1243_1300,0.9708883878344355
2019_1243_1305,0.5306120546589215
2019_1243_1308,0.6546537269651174
2019_1243_1314,0.28357830200397816
2019_1243_1318,0.757538547259176
2019_1243_1326,0.6204945217564222
2019_1243_1328,0.6126777053011655
2019_1243_1330,0.814742979377988
2019_1243_1332,0.6163050073673082
2019_1243_1341,0.9605896859545094
2019_1243_1345,0.3643811402946804
2019_1243_1371,0.6762741375689008
2019_1243_1385,0.7688702690862491
2019_1243_1387,0.8078207718053358
2019_1243_1388,0.558975346905187
2019_1243_1393,0.5940258187937786
2019_1243_1396,0.7576007296542066
2019_1243_1397,0.33817412499789967
2019_1243_1403,0.34694873084480987
2019_1243_1414,0.74085496046697
2019_1243_1416,0.6294346744181063
2019_1243_1429,0.5855701394338982
2019_1243_1433,0.6096747754520807
2019_1243_1436,0.7568857627459699
2019_1243_1437,0.5374313331359909
2019_1243_1438,0.18203312044904263
2019_1243_1439,0.4033070943864977
2019_1243_1449,0.658371844430373
2019_1243_1458,0.42069656017099577
2019_1243_1459,0.4861403651641315
2019_1243_1463,0.7704632565551819
2019_1246_1251,0.8476468786198152
2019_1246_1257,0.6574502808348444
2019_1246_1261,0.6568777705308252
2019_1246_1266,0.7197492183717398
2019_1246_1268,0.6777605960748649
2019_1246_1276,0.45499515838577675
2019_1246_1277,0.406792626985469
2019_1246_1278,0.7976101349850677
2019_1246_1279,0.784628114014534
2019_1246_1280,0.6614970607242732
2019_1246_1285,0.9518530448235135
2019_1246_1293,0.8185747648243231
2019_1246_1295,0.9725418891857563
2019_1246_1297,0.9226094859921027
2019_1246_1300,0.8893423035927761
2019_1246_1305,0.7054442058209911
2019_1246_1308,0.8111055736813252
2019_1246_1314,0.4592518945900525
2019_1246_1318,0.8914213689014916
2019_1246_1326,0.7821927395915121
2019_1246_1328,0.7786928349536187
2019_1246_1330,0.9283070648865674
2019_1246_1332,0.7768137881688746
2019_1246_1341,0.9616946162220887
2019_1246_1345,0.535453037985766
2019_1246_1371,0.8321092410696014
2019_1246_1385,0.9026753325422122
2019_1246_1387,0.9251201341669995
2019_1246_1388,0.7238747493897796
2019_1246_1393,0.7594593381673156
2019_1246_1396,0.8936143998988663
2019_1246_1397,0.5103444255648195
2019_1246_1403,0.5182682728671263
2019_1246_1414,0.878616236553497
2019_1246_1416,0.788926331526478
2019_1246_1429,0.7538748321552686
2019_1246_1433,0.7755387408455652
2019_1246_1436,0.8904149686045365
2019_1246_1437,0.7049989838949915
2019_1246_1438,0.31905478247072194
2019_1246_1439,0.5729492909212761
2019_1246_1449,0.8145027088942837
2019_1246_1458,0.591138590023504
2019_1246_1459,0.6587048464846768
2019_1246_1463,0.9039005667566733
2019_1251_1257,0.27438085899576226
2019_1251_1261,0.26642174534121266
2019_1251_1266,0.33029576623774837
2019_1251_1268,0.29733572676349745
2019_1251_1276,0.12523871852126844
2019_1251_1277,0.09162512584393528
2019_1251_1278,0.41931326522318124
2019_1251_1279,0.4013679402797063
2019_1251_1280,0.2772834652654771
2019_1251_1285,0.672105425720225
2019_1251_1293,0.4407107359495246
2019_1251_1295,0.8049400792727981
2019_1251_1297,0.6023137354846213
2019_1251_1300,0.9333937314985117
2019_1251_1305,0.3142671605981018
2019_1251_1308,0.44132076980724866
2019_1251_1314,0.10908248428920633
2019_1251_1318,0.5526909030626144
2019_1251_1326,0.406377617935189
2019_1251_1328,0.39364401546875455
2019_1251_1330,0.6238477019152652
2019_1251_1332,0.4048192596529061
2019_1251_1341,0.8444326719431917
2019_1251_1345,0.17768642173415106
2019_1251_1371,0.4584044808896887
2019_1251_1385,0.5583963002386348
2019_1251_1387,0.6123683149403727
2019_1251_1388,0.3511658309717172
2019_1251_1393,0.37950114049164935
2019_1251_1396,0.5481238887186045
2019_1251_1397,0.1550275112252073
2019_1251_1403,0.16299370689374726
2019_1251_1414,0.5351696451125996
2019_1251_1416,0.41686306135553525
2019_1251_1429,0.36849575124037104
2019_1251_1433,0.3914834498495832
2019_1251_1436,0.5530985010209952
2019_1251_1437,0.3294114004726112
2019_1251_1438,0.060865983733393324
2019_1251_1439,0.21196498147859577
2019_1251_1449,0.44467327404727996
2019_1251_1458,0.22597313095576096
2019_1251_1459,0.27954313839545475
2019_1251_1463,0.559931737911435
2019_1257_1261,0.4960430782410117
2019_1257_1266,0.5660619751618704
2019_1257_1268,0.5236582308329868
2019_1257_1276,0.30156190569252084
2019_1257_1277,0.25430203546800983
2019_1257_1278,0.6572886972442084
2019_1257_1279,0.6407607739400683
2019_1257_1280,0.5040093785879205
2019_1257_1285,0.8748225713097982
2019_1257_1293,0.6810392477382928
2019_1257_1295,0.9520073521765091
2019_1257_1297,0.8234748931775999
2019_1257_1300,0.9641909414202221
2019_1257_1305,0.5494716300817335
2019_1257_1308,0.6758028893135428
2019_1257_1314,0.29460097540432445
2019_1257_1318,0.779372513580357
2019_1257_1326,0.6410673718186163
2019_1257_1328,0.6334013507158864
2019_1257_1330,0.8358177070715274
2019_1257_1332,0.6366369571925402
2019_1257_1341,0.9686301078487483
2019_1257_1345,0.3771859923311842
2019_1257_1371,0.697984869178491
2019_1257_1385,0.7908833216071277
2019_1257_1387,0.8291016989131359
2019_1257_1388,0.577812417160935
2019_1257_1393,0.6140925538893063
2019_1257_1396,0.7795927307709778
2019_1257_1397,0.35030197179123923
2019_1257_1403,0.35924065102362424
2019_1257_1414,0.7626686222042186
2019_1257_1416,0.6500886138278353
2019_1257_1429,0.605632529586056
2019_1257_1433,0.6302886149437321
2019_1257_1436,0.7786835708110859
2019_1257_1437,0.5557880685748187
2019_1257_1438,0.18619839347942774
2019_1257_1439,0.4172152986379185
2019_1257_1449,0.6796017200178596
2019_1257_1458,0.43528439669028074
2019_1257_1459,0.5032264694898103
2019_1257_1463,0.7924735789656353
2019_1261_1266,0.5714418996941891
2019_1261_1268,0.5281266367885389
2019_1261_1276,0.3011853713907908
2019_1261_1277,0.2531492208650886
2019_1261_1278,0.664260730098143
2019_1261_1279,0.647472725937641
2019_1261_1280,0.5081200167565025
2019_1261_1285,0.8829839970287092
2019_1261_1293,0.6883702363098879
2019_1261_1295,0.9571259012961125
2019_1261_1297,0.8319572190939748
2019_1261_1300,0.9583168191962071
2019_1261_1305,0.5545434312955655
2019_1261_1308,0.6830543955985539
2019_1261_1314,0.29463315325822326
2019_1261_1318,0.7877646619833936
2019_1261_1326,0.6477660964423735
2019_1261_1328,0.6399940272439826
2019_1261_1330,0.8443481631235049
2019_1261_1332,0.6432499373577357
2019_1261_1341,0.9712674301831977
2019_1261_1345,0.37849912496683974
2019_1261_1371,0.7055466121065823
2019_1261_1385,0.7992706612982186
2019_1261_1387,0.8376108422639028
2019_1261_1388,0.5833165531190553
2019_1261_1393,0.6203262555418803
2019_1261_1396,0.7879481616986832
2019_1261_1397,0.3511377531868477
2019_1261_1403,0.36021313414332434
2019_1261_1414,0.770955098619969
2019_1261_1416,0.6569326954645369
2019_1261_1429,0.6117345408487722
2019_1261_1433,0.6368247371213253
2019_1261_1436,0.7870816762215869
2019_1261_1437,0.5608680382531894
2019_1261_1438,0.1833131687412487
2019_1261_1439,0.41930637477718
2019_1261_1449,0.6869097548060082
2019_1261_1458,0.43778821413310165
2019_1261_1459,0.5072688762747196
2019_1261_1463,0.8008643416515395
2019_1266_1268,0.4585161446979877
2019_1266_1276,0.2418239328415494
2019_1266_1277,0.19664988999593816
2019_1266_1278,0.5948243910558849
2019_1266_1279,0.5771331424904281
2019_1266_1280,0.4378638632565066
2019_1266_1285,0.8325584413975101
2019_1266_1293,0.6190206331698187
2019_1266_1295,0.9287814719851931
2019_1266_1297,0.7736190891246798
2019_1266_1300,0.9721465906830747
2019_1266_1305,0.48288127225774247
2019_1266_1308,0.6151740583881693
2019_1266_1314,0.23132902026954877
2019_1266_1318,0.7257921799386553
2019_1266_1326,0.5787869848045569
2019_1266_1328,0.5693309890536984
2019_1266_1330,0.788987026583414
2019_1266_1332,0.5749697131248576
2019_1266_1341,0.9533627257549692
2019_1266_1345,0.31360101681667857
2019_1266_1371,0.6369725792315614
2019_1266_1385,0.7363533012293293
2019_1266_1387,0.7806877221694541
2019_1266_1388,0.5149886061799335
2019_1266_1393,0.5506131066690971
2019_1266_1396,0.7247511566061354
2019_1266_1397,0.28678067933043927
2019_1266_1403,0.2958405661645084
2019_1266_1414,0.7080487447969871
2019_1266_1416,0.58863395040806
2019_1266_1429,0.5410385594707822
2019_1266_1433,0.5663459417250785
2019_1266_1436,0.7253612479944553
2019_1266_1437,0.49206304467240175
2019_1266_1438,0.13789582902641206
2019_1266_1439,0.3536646797854659
2019_1266_1449,0.6190236655253498
2019_1266_1458,0.3712997601028198
2019_1266_1459,0.4379513627937838
2019_1266_1463,0.7380122581845727
2019_1268_1276,0.28263801985777165
2019_1268_1277,0.23641702601186465
2019_1268_1278,0.6329281794458168
2019_1268_1279,0.6162006932732299
2019_1268_1280,0.4803116316742714
2019_1268_1285,0.8559965936943013
2019_1268_1293,0.6565856739140703
2019_1268_1295,0.9410879428895638
2019_1268_1297,0.802079135978992
2019_1268_1300,0.9698657909894541
2019_1268_1305,0.5250194768572705
2019_1268_1308,0.651839360393992
2019_1268_1314,0.27416260893764727
2019_1268_1318,0.7568669005373492
2019_1268_1326,0.6169443499629941
2019_1268_1328,0.6087779741947619
2019_1268_1330,0.8153155343948812
2019_1268_1332,0.6127653785272169
2019_1268_1341,0.9619217478945215
2019_1268_1345,0.35603371051784066
2019_1268_1371,0.6736983026474164
2019_1268_1385,0.768098067180155
2019_1268_1387,0.8081294908525279
2019_1268_1388,0.5542997202855598
2019_1268_1393,0.5898919806443922
2019_1268_1396,0.7567247886032771
2019_1268_1397,0.3294272985363601
2019_1268_1403,0.338337982220826
2019_1268_1414,0.7399063476685397
2019_1268_1416,0.6261321804784724
2019_1268_1429,0.581160897599349
2019_1268_1433,0.60574274417202
2019_1268_1436,0.7562528106734095
2019_1268_1437,0.532260514800093
2019_1268_1438,0.17234247897767457
2019_1268_1439,0.3956252857356397
2019_1268_1449,0.6556170569822133
2019_1268_1458,0.4132995723253249
2019_1268_1459,0.47985795593891967
2019_1268_1463,0.7697084260354983
2019_1276_1277,0.45299771917363485
2019_1276_1278,0.8302625787608588
2019_1276_1279,0.8185559748991145
2019_1276_1280,0.7024027126675354
2019_1276_1285,0.9631455823908001
2019_1276_1293,0.8498371789654847
2019_1276_1295,0.9689879140516986
2019_1276_1297,0.940619779851289
2019_1276_1300,0.8604859190330866
2019_1276_1305,0.7447617696414645
2019_1276_1308,0.8421200786521039
2019_1276_1314,0.5076936231683792
2019_1276_1318,0.913974800028333
2019_1276_1326,0.8155371461162024
2019_1276_1328,0.8131563157744499
2019_1276_1330,0.9447125727286836
2019_1276_1332,0.8100922931217532
2019_1276_1341,0.9485135090354699
2019_1276_1345,0.5798145471036361
2019_1276_1371,0.862079632226799
2019_1276_1385,0.9244634856185131
2019_1276_1387,0.9423916796062658
2019_1276_1388,0.7601213889838426
2019_1276_1393,0.7945345879164885
2019_1276_1396,0.9164173958995265
2019_1276_1397,0.5559019467633634
2019_1276_1403,0.5633089403732962
2019_1276_1414,0.9026365455106391
2019_1276_1416,0.8215072527549474
2019_1276_1429,0.789831129471117
2019_1276_1433,0.8100930077925068
2019_1276_1436,0.9129637028982562
2019_1276_1437,0.7425630506305207
2019_1276_1438,0.36166585801996814
2019_1276_1439,0.6156154351314674
2019_1276_1449,0.8453058699723149
2019_1276_1458,0.633383297158747
2019_1276_1459,0.6991395969089951
2019_1276_1463,0.9255351293015325
2019_1277_1278,0.8697630370044818
2019_1277_1279,0.8593213057011395
2019_1277_1280,0.7495462546728777
2019_1277_1285,0.972872136124003
2019_1277_1293,0.8875442215016787
2019_1277_1295,0.9519051929392465
2019_1277_1297,0.9609099032190624
2019_1277_1300,0.7879139923744753
2019_1277_1305,0.7906755458364283
2019_1277_1308,0.880065590179576
2019_1277_1314,0.5583988536899747
2019_1277_1318,0.9411815851625234
2019_1277_1326,0.8560132718060088
2019_1277_1328,0.8544533209296022
2019_1277_1330,0.9633622884797001
2019_1277_1332,0.850685606410323
2019_1277_1341,0.9129921641706757
2019_1277_1345,0.6281218497938675
2019_1277_1371,0.8982795121482585
2019_1277_1385,0.9496608991328115
2019_1277_1387,0.9619638738807967
2019_1277_1388,0.8036427375825058
2019_1277_1393,0.8367326534041339
2019_1277_1396,0.943382700688093
2019_1277_1397,0.6048181400165964
2019_1277_1403,0.6118942103351094
2019_1277_1414,0.9320198291043282
2019_1277_1416,0.8612862638145596
2019_1277_1429,0.8327412209695159
2019_1277_1433,0.851543061281305
2019_1277_1436,0.9403111602056838
2019_1277_1437,0.7871552947187946
2019_1277_1438,0.40239590168810435
2019_1277_1439,0.6631080602676493
2019_1277_1449,0.882965549501511
2019_1277_1458,0.6808307648214771
2019_1277_1459,0.7458825068690639
2019_1277_1463,0.9504745984613014
2019_1278_1279,0.4816239263575847
2019_1278_1280,0.3461834766291057
2019_1278_1285,0.7549433970302899
2019_1278_1293,0.5235843026946758
2019_1278_1295,0.8750719567559009
2019_1278_1297,0.687767008381497
2019_1278_1300,0.9675097055001085
2019_1278_1305,0.38817291409473687
2019_1278_1308,0.5220227029737897
2019_1278_1314,0.15532200811562272
2019_1278_1318,0.6370893247034132
2019_1278_1326,0.48516457445512745
2019_1278_1328,0.47359782687356916
2019_1278_1330,0.7070306463967029
2019_1278_1332,0.48244917387993924
2019_1278_1341,0.9093176852339976
2019_1278_1345,0.23210818905344685
2019_1278_1371,0.542035607139981
2019_1278_1385,0.6454681786281894
2019_1278_1387,0.6967066822367303
2019_1278_1388,0.42394451699626606
2019_1278_1393,0.45674843581655983
2019_1278_1396,0.6341217466183179
2019_1278_1397,0.20691285926654612
2019_1278_1403,0.21560021199659687
2019_1278_1414,0.6187901605809895
2019_1278_1416,0.4956959706874138
2019_1278_1429,0.44607147655200946
2019_1278_1433,0.47096152280510223
2019_1278_1436,0.637090914222795
2019_1278_1437,0.4009293166670199
2019_1278_1438,0.08632583950834219
2019_1278_1439,0.2700221167549343
2019_1278_1449,0.5257373529628703
2019_1278_1458,0.2861275345641167
2019_1278_1459,0.3474764499352024
2019_1278_1463,0.6471269964496671
2019_1279_1280,0.3628288693270507
2019_1279_1285,0.7719910593432172
2019_1279_1293,0.5423430329154104
2019_1279_1295,0.8881513920144657
2019_1279_1297,0.7059375662351504
2019_1279_1300,0.9711461330630919
2019_1279_1305,0.4057269855713393
2019_1279_1308,0.5403181227017673
2019_1279_1314,0.16766485181011667
2019_1279_1318,0.6554240233665372
2019_1279_1326,0.5032598943886972
2019_1279_1328,0.49201750193655847
2019_1279_1330,0.724574962517819
2019_1279_1332,0.5003059640892321
2019_1279_1341,0.920697667363668
2019_1279_1345,0.24597811540216138
2019_1279_1371,0.560843430308549
2019_1279_1385,0.6643042634595949
2019_1279_1387,0.7145741762543502
2019_1279_1388,0.4410525923317566
2019_1279_1393,0.4746674085534584
2019_1279_1396,0.6528153837533185
2019_1279_1397,0.22031076495750748
2019_1279_1403,0.2291239793420745
2019_1279_1414,0.6370893247034132
2019_1279_1416,0.5137399182081932
2019_1279_1429,0.46412377588086673
2019_1279_1433,0.4892916700708171
2019_1279_1436,0.655339890337863
2019_1279_1437,0.4178782110499967
2019_1279_1438,0.09379871021317882
2019_1279_1439,0.2845573539844536
2019_1279_1449,0.5440890110391602
2019_1279_1458,0.3010706834001825
2019_1279_1459,0.36389504250647453
2019_1279_1463,0.6659765395974517
2019_1280_1285,0.8729049031915089
2019_1280_1293,0.677685766917362
2019_1280_1295,0.9511502861342321
2019_1280_1297,0.821063788019418
2019_1280_1300,0.9647029892214807
2019_1280_1305,0.5455904883903121
2019_1280_1308,0.6725267127657505
2019_1280_1314,0.2904053447778626
2019_1280_1318,0.7766864060993617
2019_1280_1326,0.6376275559586233
2019_1280_1328,0.6298369550128848
2019_1280_1330,0.8336031505313195
2019_1280_1332,0.6332270021555924
2019_1280_1341,0.968157583355476
2019_1280_1345,0.37313213904637665
2019_1280_1371,0.6947217449357672
2019_1280_1385,0.7881513142009414
2019_1280_1387,0.8267842634522343
2019_1280_1388,0.5742184649802841
2019_1280_1393,0.6105285790053196
2019_1280_1396,0.7768284140270704
2019_1280_1397,0.3461983440654091
2019_1280_1403,0.3551618884616905
2019_1280_1414,0.7598974914876677
2019_1280_1416,0.6467162325160463
2019_1280_1429,0.6019838422194553
2019_1280_1433,0.6267263581320865
2019_1280_1436,0.7760127785237505
2019_1280_1437,0.5520947821627704
2019_1280_1438,0.18270879865939368
2019_1280_1439,0.4132452847600217
2019_1280_1449,0.6763351357281238
2019_1280_1458,0.43132588178206294
2019_1280_1459,0.4993312865743247
2019_1280_1463,0.7897475975899382
2019_1285_1293,0.2626960772374869
2019_1285_1295,0.6582478193904422
2019_1285_1297,0.42315305343305526
2019_1285_1300,0.8389231966599389
2019_1285_1305,0.15368206309290586
2019_1285_1308,0.26732061802786616
2019_1285_1314,0.028237037805894125
2019_1285_1318,0.37468374718723263
2019_1285_1326,0.23539390789135173
2019_1285_1328,0.22072994448411148
2019_1285_1330,0.4509288028269603
2019_1285_1332,0.23581823516473535
2019_1285_1341,0.7007388278583041
2019_1285_1345,0.06103212531281094
2019_1285_1371,0.2792106502249453
2019_1285_1385,0.3744095794395198
2019_1285_1387,0.4362281540123336
2019_1285_1388,0.19046230411536286
2019_1285_1393,0.21122214219568972
2019_1285_1396,0.3663336262439997
2019_1285_1397,0.047901816061073486
2019_1285_1403,0.05246616528517443
2019_1285_1414,0.35827878811729524
2019_1285_1416,0.2458705766027683
2019_1285_1429,0.199896883570608
2019_1285_1433,0.2193875585731276
2019_1285_1436,0.37603612773781864
2019_1285_1437,0.17133432909501387
2019_1285_1438,0.026057542930019908
2019_1285_1439,0.08353258425038115
2019_1285_1449,0.2700656819258691
2019_1285_1458,0.09272034296312445
2019_1285_1459,0.12990823094836054
2019_1285_1463,0.37569375915627773
2019_1293_1295,0.8631061443218336
2019_1293_1297,0.6677110702450988
2019_1293_1300,0.9641687003863658
2019_1293_1305,0.36387700221807806
2019_1293_1308,0.4990756332720449
2019_1293_1314,0.13538366654465941
2019_1293_1318,0.6160895857407841
2019_1293_1326,0.4618092789311885
2019_1293_1328,0.44963740243019173
2019_1293_1330,0.6881683457515826
2019_1293_1332,0.45934306842084577
2019_1293_1341,0.898846619882586
2019_1293_1345,0.21024136489902037
2019_1293_1371,0.5187725995584429
2019_1293_1385,0.6238580218271266
2019_1293_1387,0.6772234747590422
2019_1293_1388,0.4007176883651194
2019_1293_1393,0.4331128074115073
2019_1293_1396,0.6125531672664806
2019_1293_1397,0.1855251769902869
2019_1293_1403,0.19406959008237004
2019_1293_1414,0.5975498640568204
2019_1293_1416,0.4725942020502071
2019_1293_1429,0.4220942577068576
2019_1293_1433,0.44706655908724
2019_1293_1436,0.6162167694238821
2019_1293_1437,0.3775127669959147
2019_1293_1438,0.07237713151947799
2019_1293_1439,0.2476410235004588
2019_1293_1449,0.5027842307858992
2019_1293_1458,0.2634506496409498
2019_1293_1459,0.3238915231079371
2019_1293_1463,0.6255205686137513
2019_1295_1297,0.2701772973639956
2019_1295_1300,0.7028484167714719
2019_1295_1305,0.06204354112810957
2019_1295_1308,0.142923346998063
2019_1295_1314,0.041273050394606596
2019_1295_1318,0.2299656029959157
2019_1295_1326,0.11889288672063496
2019_1295_1328,0.10604672655747734
2019_1295_1330,0.2991183630654111
2019_1295_1332,0.12047296330315842
2019_1295_1341,0.5376034745963201
2019_1295_1345,0.02587316079296865
2019_1295_1371,0.14920476067599664
2019_1295_1385,0.22506075948973553
2019_1295_1387,0.2838300118704758
2019_1295_1388,0.08936079630615563
2019_1295_1393,0.101277866272234
2019_1295_1396,0.21996266421707505
2019_1295_1397,0.025863391613450994
2019_1295_1403,0.025655989860513897
2019_1295_1414,0.2169373004336129
2019_1295_1416,0.12735987166403337
2019_1295_1429,0.0922692738705287
2019_1295_1433,0.10547119425884814
2019_1295_1436,0.2318553816670594
2019_1295_1437,0.0761329455496388
2019_1295_1438,0.06611503452784312
2019_1295_1439,0.030230054956884023
2019_1295_1449,0.14477304987022205
2019_1295_1458,0.033558055986024876
2019_1295_1459,0.05044843269917041
2019_1295_1463,0.2259456678908499
2019_1297_1300,0.8919022095604792
2019_1297_1305,0.21108754177829164
2019_1297_1308,0.33541426527418905
2019_1297_1314,0.04625371887297204
2019_1297_1318,0.44907159273319874
2019_1297_1326,0.3008153789132661
2019_1297_1328,0.28634137736029897
2019_1297_1330,0.5262325351190893
2019_1297_1332,0.300404054601379
2019_1297_1341,0.7723865399773736
2019_1297_1345,0.09602440360085068
2019_1297_1371,0.3500613567896108
2019_1297_1385,0.45140248859121385
2019_1297_1387,0.5123483032701993
2019_1297_1388,0.24954744302445306
2019_1297_1393,0.2744389152076229
2019_1297_1396,0.4420257727432608
2019_1297_1397,0.07827911118859662
2019_1297_1403,0.08450660286606154
2019_1297_1414,0.43148966704838804
2019_1297_1416,0.3117457348261854
2019_1297_1429,0.2627544567948943
2019_1297_1433,0.284590858221962
2019_1297_1436,0.45006691913279806
2019_1297_1437,0.22847940541102282
2019_1297_1438,0.026970327259137936
2019_1297_1439,0.12445101502028172
2019_1297_1449,0.3385397862136167
2019_1297_1458,0.1360348264555859
2019_1297_1459,0.1816756838406136
2019_1297_1463,0.452850683584964
2019_1300_1305,0.027719405721471482
2019_1300_1308,0.038499350820238164
2019_1300_1314,0.2055182892716541
2019_1300_1318,0.08332388915094512
2019_1300_1326,0.030231933007593588
2019_1300_1328,0.027052720030854464
2019_1300_1330,0.1314717315973293
2019_1300_1332,0.031173802467239258
2019_1300_1341,0.32294575380442964
2019_1300_1345,0.08266307077796597
2019_1300_1371,0.03953603568402555
2019_1300_1385,0.07674544195724847
2019_1300_1387,0.1187281690405943
2019_1300_1388,0.026013840531165382
2019_1300_1393,0.02675043735469781
2019_1300_1396,0.07507641976677223
2019_1300_1397,0.11068363947351642
2019_1300_1403,0.09893487333297689
2019_1300_1414,0.07616722350765424
2019_1300_1416,0.03314230348062481
2019_1300_1429,0.025923395889098512
2019_1300_1433,0.027038890599306774
2019_1300_1436,0.08507409248383192
2019_1300_1437,0.025656411870056014
2019_1300_1438,0.24873333673845138
2019_1300_1439,0.054000626821547146
2019_1300_1449,0.039100854999815034
2019_1300_1458,0.047381080911140086
2019_1300_1459,0.031232239828286115
2019_1300_1463,0.07710974323552804
2019_1305_1308,0.6319649783417916
2019_1305_1314,0.24555596124074802
2019_1305_1318,0.7415985645156593
2019_1305_1326,0.5956978807611231
2019_1305_1328,0.5866161405662936
2019_1305_1330,0.8034337364128954
2019_1305_1332,0.5916937955092592
2019_1305_1341,0.9593561653784927
2019_1305_1345,0.32851244070649055
2019_1305_1371,0.6540269925519476
2019_1305_1385,0.7524489720469816
2019_1305_1387,0.7954890597037703
2019_1305_1388,0.5314852647571551
2019_1305_1393,0.5675894942837212
2019_1305_1396,0.7408604236768753
2019_1305_1397,0.3014652288067181
2019_1305_1403,0.3105618787779972
2019_1305_1414,0.7240072920496741
2019_1305_1416,0.6054181881460279
2019_1305_1429,0.5582166428300293
2019_1305_1433,0.5835736773626651
2019_1305_1436,0.7411023729032504
2019_1305_1437,0.5085860676086101
2019_1305_1438,0.1476125889943865
2019_1305_1439,0.36890046658905556
2019_1305_1449,0.6358320762095854
2019_1305_1458,0.3868041422505395
2019_1305_1459,0.4543896318779935
2019_1305_1463,0.7540997542714301
2019_1308_1314,0.14269495984079153
2019_1308_1318,0.6141547780569989
2019_1308_1326,0.4637351947102706
2019_1308_1328,0.45186104103805125
2019_1308_1330,0.6844817429165508
2019_1308_1332,0.4613312729373348
2019_1308_1341,0.8928404030518347
2019_1308_1345,0.21742573428714526
2019_1308_1371,0.5192967262161633
2019_1308_1385,0.6218659549759888
2019_1308_1387,0.673854638727932
2019_1308_1388,0.4041780356972296
2019_1308_1393,0.43574895928847424
2019_1308_1396,0.610781287349425
2019_1308_1397,0.1928925318370828
2019_1308_1403,0.20139983400490052
2019_1308_1414,0.5960461107283411
2019_1308_1416,0.4742478900984821
2019_1308_1429,0.4249877460187604
2019_1308_1433,0.44935375860551363
2019_1308_1436,0.6142588384473844
2019_1308_1437,0.3815200797179079
2019_1308_1438,0.07952027221140721
2019_1308_1439,0.25436298632202503
2019_1308_1449,0.5036800915736346
2019_1308_1458,0.26988605130247123
2019_1308_1459,0.329068257175184
2019_1308_1463,0.6234953677790496
2019_1314_1318,0.9285798363804085
2019_1314_1326,0.8294164126303802
2019_1314_1328,0.8263775989116413
2019_1314_1330,0.9567641242999394
2019_1314_1332,0.8240507329811236
2019_1314_1341,0.9218123487704333
2019_1314_1345,0.5782466841986603
2019_1314_1371,0.8767253777333244
2019_1314_1385,0.9378101949722392
2019_1314_1387,0.9545686368060908
2019_1314_1388,0.7717784756149579
2019_1314_1393,0.8074017363184725
2019_1314_1396,0.9304722649490678
2019_1314_1397,0.5523106655182284
2019_1314_1403,0.5603796793977278
2019_1314_1414,0.9178118222666485
2019_1314_1416,0.8357938106093397
2019_1314_1429,0.8021541432225553
2019_1314_1433,0.8232776361825765
2019_1314_1436,0.927727117667051
2019_1314_1437,0.7529926016029971
2019_1314_1438,0.3438890457035444
2019_1314_1439,0.6170589816774119
2019_1314_1449,0.8601522534335615
2019_1314_1458,0.636144885451777
2019_1314_1459,0.706376348146614
2019_1314_1463,0.9387821786536971
2019_1318_1326,0.3506475273616906
2019_1318_1328,0.3367897664033119
2019_1318_1330,0.5752767364077137
2019_1318_1332,0.34967596069448925
2019_1318_1341,0.8113251513015372
2019_1318_1345,0.13084137300788773
2019_1318_1371,0.40197097164000356
2019_1318_1385,0.504068146837036
2019_1318_1387,0.5623961697356001
2019_1318_1388,0.2966807359727633
2019_1318_1393,0.32362314648544727
2019_1318_1396,0.494130153442271
2019_1318_1397,0.11033489423506113
2019_1318_1403,0.11754752909191779
2019_1318_1414,0.48227589744764343
2019_1318_1416,0.36152808835952077
2019_1318_1429,0.3120804343583376
2019_1318_1433,0.33481465511940245
2019_1318_1436,0.5007853124979429
2019_1318_1437,0.2749422314586549
2019_1318_1438,0.03697348619119507
2019_1318_1439,0.16265411448342149
2019_1318_1449,0.38921135407817226
2019_1318_1458,0.17561579648271514
2019_1318_1459,0.22587249020183073
2019_1318_1463,0.505578098926596
2019_1326_1328,0.4889725354041171
2019_1326_1330,0.7175455361290312
2019_1326_1332,0.4972067252329561
2019_1326_1341,0.9140636482858098
2019_1326_1345,0.24791421634282965
2019_1326_1371,0.5564652720218481
2019_1326_1385,0.6581474765583549
2019_1326_1387,0.7076900182733248
2019_1326_1388,0.43922432776893267
2019_1326_1393,0.47203961255922006
2019_1326_1396,0.6468377176399062
2019_1326_1397,0.22256249183895138
2019_1326_1403,0.23129265543664046
2019_1326_1414,0.631377483566043
2019_1326_1416,0.5103523209944387
2019_1326_1429,0.461661661179049
2019_1326_1433,0.48631349753524095
2019_1326_1436,0.649324299589449
2019_1326_1437,0.4165054308261219
2019_1326_1438,0.09778809524503887
2019_1326_1439,0.2859100860087902
2019_1326_1449,0.540078690476307
2019_1326_1458,0.3020884692222027
2019_1326_1459,0.3635597363658228
2019_1326_1463,0.6597945627500945
2019_1328_1330,0.7319791244792723
2019_1328_1332,0.5080990828497277
2019_1328_1341,0.9251998162064764
2019_1328_1345,0.2522781179187093
2019_1328_1371,0.5689817756325612
2019_1328_1385,0.6723360822228793
2019_1328_1387,0.7221293151111527
2019_1328_1388,0.4485833226196575
2019_1328_1393,0.482514520171368
2019_1328_1396,0.6607994460326579
2019_1328_1397,0.2264240691697974
2019_1328_1403,0.23528568908118624
2019_1328_1414,0.6449216440179532
2019_1328_1416,0.521599609087707
2019_1328_1429,0.47203961255922006
2019_1328_1433,0.497301308850223
2019_1328_1436,0.6631294117004622
2019_1328_1437,0.425363236076185
2019_1328_1438,0.09737040184256747
2019_1328_1439,0.29111651389493737
2019_1328_1449,0.5520487549986334
2019_1328_1458,0.30779342076794086
2019_1328_1459,0.37120225717463595
2019_1328_1463,0.6740121602946723
2019_1330_1332,0.2823768716903106
2019_1330_1341,0.7431140503776712
2019_1330_1345,0.08892399390567059
2019_1330_1371,0.3288609639031707
2019_1330_1385,0.4261606786435107
2019_1330_1387,0.4861952606270229
2019_1330_1388,0.23421536438367735
2019_1330_1393,0.25717781718252675
2019_1330_1396,0.41743927349476234
2019_1330_1397,0.07215728845847764
2019_1330_1403,0.07807532967341495
2019_1330_1414,0.40802774955269794
2019_1330_1416,0.2930608346112997
2019_1330_1429,0.24568922092779816
2019_1330_1433,0.2664038753767001
2019_1330_1436,0.4259386330847618
2019_1330_1437,0.21400809574761614
2019_1330_1438,0.026603110506796222
2019_1330_1439,0.11587446307308176
2019_1330_1449,0.3184624853538564
2019_1330_1458,0.1266910150779269
2019_1330_1459,0.16928746153193625
2019_1330_1463,0.4275216143230719
2019_1332_1341,0.9125935989069567
2019_1332_1345,0.2531811662934601
2019_1332_1371,0.5587039800004563
2019_1332_1385,0.6591617252397184
2019_1332_1387,0.7079277373353621
2019_1332_1388,0.4427516942793592
2019_1332_1393,0.47524140788116087
2019_1332_1396,0.647936267802762
2019_1332_1397,0.2279296851657829
2019_1332_1403,0.23663213691119028
2019_1332_1414,0.6325494437421837
2019_1332_1416,0.5130615649554566
2019_1332_1429,0.46501698727545593
2019_1332_1433,0.4893886231736192
2019_1332_1436,0.650271837594726
2019_1332_1437,0.42030564954190697
2019_1332_1438,0.10281005074203993
2019_1332_1439,0.2909435152321355
2019_1332_1449,0.5424433087852959
2019_1332_1458,0.3069999935937688
2019_1332_1459,0.3679372454536312
2019_1332_1463,0.6607950989613366
2019_1341_1345,0.028608055541653903
2019_1341_1371,0.11205401020192539
2019_1341_1385,0.18309165791162402
2019_1341_1387,0.24128330979436508
2019_1341_1388,0.06056524873486199
2019_1341_1393,0.07023219999568178
2019_1341_1396,0.17841505561592189
2019_1341_1397,0.03656464187680732
2019_1341_1403,0.03284834434541989
2019_1341_1414,0.17598675739270092
2019_1341_1416,0.09279352470390548
2019_1341_1429,0.0627070392644617
2019_1341_1433,0.07364402281704732
2019_1341_1436,0.19037732673760016
2019_1341_1437,0.05009656283097737
2019_1341_1438,0.11881577978006114
2019_1341_1439,0.025650781383082858
2019_1341_1449,0.10829116989750931
2019_1341_1458,0.025866444438975175
2019_1341_1459,0.03217341573778853
2019_1341_1463,0.18391667345664406
2019_1345_1371,0.804002986918356
2019_1345_1385,0.8804697559773244
2019_1345_1387,0.9065466401541562
2019_1345_1388,0.6921278634627626
2019_1345_1393,0.7281719769261442
2019_1345_1396,0.8706827851754858
2019_1345_1397,0.4744058265906916
2019_1345_1403,0.48261107166858025
2019_1345_1414,0.8548667919239703
2019_1345_1416,0.7592563668625931
2019_1345_1429,0.721957359171195
2019_1345_1433,0.7444547758182822
2019_1345_1436,0.8677599856904386
2019_1345_1437,0.6724670791728595
2019_1345_1438,0.28834523093879477
2019_1345_1439,0.538315616039557
2019_1345_1449,0.7859460781504297
2019_1345_1458,0.556562710646402
2019_1345_1459,0.6245612444098578
2019_1345_1463,0.8818070266126491
2019_1371_1385,0.6053578673045323
2019_1371_1387,0.6598530283237892
2019_1371_1388,0.3833453404189741
2019_1371_1393,0.41504818021967566
2019_1371_1396,0.5941908558338874
2019_1371_1397,0.17161123682253662
2019_1371_1403,0.17999472056030089
2019_1371_1414,0.5795828451815098
2019_1371_1416,0.45451768342092663
2019_1371_1429,0.4038750658319299
2019_1371_1433,0.4286392258800658
2019_1371_1436,0.5983456945823815
2019_1371_1437,0.360239430148823
2019_1371_1438,0.06466574658987789
2019_1371_1439,0.23249595862269778
2019_1371_1449,0.48449119018446
2019_1371_1458,0.2479246831369641
2019_1371_1459,0.3070374721386116
2019_1371_1463,0.6070078510947655
2019_1385_1387,0.5605346334951468
2019_1385_1388,0.2864567097155421
2019_1385_1393,0.3141470079257929
2019_1385_1396,0.4898447483046423
2019_1385_1397,0.0990585286850329
2019_1385_1403,0.10605205744730235
2019_1385_1414,0.4776889054499481
2019_1385_1416,0.35308246376980895
2019_1385_1429,0.30234121149961685
2019_1385_1433,0.3256608106259252
2019_1385_1436,0.49682545301635694
2019_1385_1437,0.2642425474384024
2019_1385_1438,0.031153867305006876
2019_1385_1439,0.15055457853089704
2019_1385_1449,0.3815940014656059
2019_1385_1458,0.16354841659369976
2019_1385_1459,0.2143515493943832
2019_1385_1463,0.5016167305551181
2019_1387_1388,0.24249495845764046
2019_1387_1393,0.266462360344069
2019_1387_1396,0.4305147072043983
2019_1387_1397,0.07556643567448448
2019_1387_1403,0.08165565344537773
2019_1387_1414,0.4205106221183301
2019_1387_1416,0.3030810435127932
2019_1387_1429,0.25487366327080707
2019_1387_1433,0.2761715549749099
2019_1387_1436,0.43876446890545534
2019_1387_1437,0.2218403750764621
2019_1387_1438,0.026823587612687123
2019_1387_1439,0.12061155849073518
2019_1387_1449,0.3292047433742593
2019_1387_1458,0.1318337680436997
2019_1387_1459,0.176030094948745
2019_1387_1463,0.440986553914532
2019_1388_1393,0.5338104112787814
2019_1388_1396,0.7021890207003748
2019_1388_1397,0.2820139030269558
2019_1388_1403,0.29081762619026075
2019_1388_1414,0.6859939100532182
2019_1388_1416,0.5704311492581342
2019_1388_1429,0.5244618669542209
2019_1388_1433,0.5487119018146871
2019_1388_1436,0.7029108265282235
2019_1388_1437,0.4780678192682113
2019_1388_1438,0.1412172925301098
2019_1388_1439,0.3463402044016454
2019_1388_1449,0.5996094141789262
2019_1388_1458,0.36306025903073186
2019_1388_1459,0.42621246714041505
2019_1388_1463,0.7151427105829821
2019_1393_1396,0.6744252372901296
2019_1393_1397,0.24589840860966894
2019_1393_1403,0.254756165767328
2019_1393_1414,0.6584714746302838
2019_1393_1416,0.5381909190906784
2019_1393_1429,0.48999587361127467
2019_1393_1433,0.5148377111995803
2019_1393_1436,0.6761834079469364
2019_1393_1437,0.44357155563017303
2019_1393_1438,0.11261766303468965
2019_1393_1439,0.31048226197067635
2019_1393_1449,0.5681085926799221
2019_1393_1458,0.3271451668808429
2019_1393_1459,0.3903198557640556
2019_1393_1463,0.6875212697559793
2019_1396_1397,0.10828610873071519
2019_1396_1403,0.11550418209456978
2019_1396_1414,0.48778637590162643
2019_1396_1416,0.3642919767182009
2019_1396_1429,0.3139142476418344
2019_1396_1433,0.337190345327311
2019_1396_1436,0.506702538299745
2019_1396_1437,0.2756369829896017
2019_1396_1438,0.034969501977523645
2019_1396_1439,0.16103261902067117
2019_1396_1449,0.39268067678728713
2019_1396_1458,0.17424703479862616
2019_1396_1459,0.2256504026773719
2019_1396_1463,0.5118301852178727
2019_1397_1403,0.5081899799655332
2019_1397_1414,0.8761040275410882
2019_1397_1416,0.7842665156287292
2019_1397_1429,0.7481413541624146
2019_1397_1433,0.7702603122859721
2019_1397_1436,0.8881874059262245
2019_1397_1437,0.6985915386328674
2019_1397_1438,0.30735922971573126
2019_1397_1439,0.5640237036387179
2019_1397_1449,0.8103450740706803
2019_1397_1458,0.5825066454251366
2019_1397_1459,0.6511669657409664
2019_1397_1463,0.9016327183021674
2019_1403_1414,0.8686372516418857
2019_1403_1416,0.7756303420848258
2019_1403_1429,0.7392116781305581
2019_1403_1433,0.7614173028385313
2019_1403_1436,0.8809966242500528
2019_1403_1437,0.6897561244171709
2019_1403_1438,0.3019203454409862
2019_1403_1439,0.5556845901812868
2019_1403_1449,0.8018824053779023
2019_1403_1458,0.5740390262412082
2019_1403_1459,0.6423069164022953
2019_1403_1463,0.8947078102042547
2019_1414_1416,0.3795004270055529
2019_1414_1429,0.3301489642313542
2019_1414_1433,0.3530896676591152
2019_1414_1436,0.5184708867815971
2019_1414_1437,0.2921591596906776
2019_1414_1438,0.042973765892130485
2019_1414_1439,0.1775612018201225
2019_1414_1449,0.40737327977961063
2019_1414_1458,0.19093742908213734
2019_1414_1459,0.24256263201116088
2019_1414_1463,0.5239610922123663
2019_1416_1429,0.45150194793491283
2019_1416_1433,0.47592533149471206
2019_1416_1436,0.6385018126358742
2019_1416_1437,0.4071114647163833
2019_1416_1438,0.09420395666084187
2019_1416_1439,0.2782050299443748
2019_1416_1449,0.5295248093065615
2019_1416_1458,0.29411675644667257
2019_1416_1459,0.3545972357049126
2019_1416_1463,0.6486095752182991
2019_1429_1433,0.5252417783462082
2019_1429_1436,0.6876737565284294
2019_1429_1437,0.45266049421784194
2019_1429_1438,0.11477795096638509
2019_1429_1439,0.31726371431544836
2019_1429_1449,0.5789219092685234
2019_1429_1458,0.3342678618205615
2019_1429_1459,0.3987312562340456
2019_1429_1463,0.6993246318517116
2019_1433_1436,0.665086583013264
2019_1433_1437,0.42827501281154373
2019_1433_1438,0.09988247939347983
2019_1433_1439,0.2942767406133069
2019_1433_1449,0.5545456218969783
2019_1433_1458,0.3109443900340755
2019_1433_1459,0.37428451807212576
2019_1433_1463,0.6760387078480933
2019_1436_1437,0.2754368077281918
2019_1436_1438,0.03768922763913436
2019_1436_1439,0.16360681309661465
2019_1436_1449,0.3890866290353073
2019_1436_1458,0.1765244921727898
2019_1436_1459,0.22656211810177165
2019_1436_1463,0.5048016423045744
2019_1437_1438,0.15411528019574217
2019_1437_1439,0.3664599137646193
2019_1437_1449,0.6222885745191549
2019_1437_1458,0.38355122658262586
2019_1437_1459,0.44802932594507316
2019_1437_1463,0.7373189736994679
2019_1438_1439,0.7404795131909303
2019_1438_1449,0.9221126117543036
2019_1438_1458,0.7560425893389278
2019_1438_1459,0.8127539340144742
2019_1438_1463,0.9681421942042323
2019_1439_1449,0.7491598872538037
2019_1439_1458,0.5179762758563083
2019_1439_1459,0.5849731562206643
2019_1439_1463,0.850547015681327
2019_1449_1458,0.26623624157568304
2019_1449_1459,0.3252955916826785
2019_1449_1463,0.6201176851798449
2019_1458_1459,0.5671412961141127
2019_1458_1463,0.8376330168333623
2019_1459_1463,0.7870762891150964
